[
		{
			"anonymous": false,
			"inputs": [
				{
					"indexed": false,
					"internalType": "address",
					"name": "fundAddress",
					"type": "address"
				},
				{
					"indexed": false,
					"internalType": "string",
					"name": "name",
					"type": "string"
				},
				{
					"indexed": false,
					"internalType": "string",
					"name": "symbol",
					"type": "string"
				},
				{
					"indexed": false,
					"internalType": "uint256",
					"name": "tokenPrice",
					"type": "uint256"
				},
				{
					"indexed": false,
					"internalType": "address",
					"name": "owner",
					"type": "address"
				},
				{
					"indexed": false,
					"internalType": "string",
					"name": "fundImgUrl",
					"type": "string"
				}
			],
			"name": "FundCreated",
			"type": "event"
		},
		{
			"inputs": [
				{
					"internalType": "string",
					"name": "name",
					"type": "string"
				},
				{
					"internalType": "string",
					"name": "symbol",
					"type": "string"
				},
				{
					"internalType": "uint256",
					"name": "tokenPrice",
					"type": "uint256"
				},
				{
					"internalType": "string",
					"name": "fundImgUrl",
					"type": "string"
				}
			],
			"name": "createFund",
			"outputs": [],
			"stateMutability": "payable",
			"type": "function"
		},
		{
			"inputs": [
				{
					"internalType": "uint256",
					"name": "",
					"type": "uint256"
				}
			],
			"name": "funds",
			"outputs": [
				{
					"internalType": "contract erc20Fund",
					"name": "",
					"type": "address"
				}
			],
			"stateMutability": "view",
			"type": "function"
		},
		{
			"inputs": [],
			"name": "getFunds",
			"outputs": [
				{
					"internalType": "contract erc20Fund[]",
					"name": "",
					"type": "address[]"
				}
			],
			"stateMutability": "view",
			"type": "function"
		},
		{
			"inputs": [],
			"name": "getNoOfFundsCreated",
			"outputs": [
				{
					"internalType": "uint256",
					"name": "",
					"type": "uint256"
				}
			],
			"stateMutability": "view",
			"type": "function"
		}
]